{
    "Menger-Schwamm": {
        "min": [
            -0.5,
            -0.5,
            -0.5
        ],
        "max": [
            0.5,
            0.5,
            0.5
        ]
    },
    "Geschenk": {
        "min": [
            -0.5,
            -0.5,
            -0.5
        ],
        "max": [
            0.5,
            0.5,
            0.5
        ]
    },
    "Tanzender Außerirdischer": {
        "min": [
            -0.313659,
            -0.530674,
            0.064466
        ],
        "max": [
            0.657165,
            0.629709,
            0.466375
        ]
    },
    "Häufchen": {
        "min": [
            -0.655102,
            -0.526505,
            -0.72516
        ],
        "max": [
            0.619228,
            0.532495,
            0.509589
        ]
    }
}
